{
  "matrix": "3_10974_bcsstk17",
  "algorithm": "cpu_naive",
  "time_ms": 92.974998,
  "gflops": 2.590560,
  "bandwidth_gbps": 10.362714,
  "total_flops": 240857352,
  "total_bytes_accessed": 963473304,
  "cache_miss": 18.9
}
