{
  "matrix": "2_4884_bcsstk16",
  "algorithm": "cpu_csr",
  "time_ms": 0.063314,
  "gflops": 4.663422,
  "bandwidth_gbps": 28.906196,
  "total_flops": 295262,
  "total_bytes_accessed": 1830180
}
