{
  "matrix": "3_10974_bcsstk17_sorted",
  "algorithm": "cpu_naive",
  "time_ms": 92.967674,
  "gflops": 2.590765,
  "bandwidth_gbps": 10.363530,
  "total_flops": 240857352,
  "total_bytes_accessed": 963473304
}
