{
  "matrix": "6_923136_Emilia_923",
  "algorithm": "cpu_csr",
  "time_ms": 10.004272,
  "gflops": 4.191044,
  "bandwidth_gbps": 26.253554,
  "total_flops": 41928342,
  "total_bytes_accessed": 262647684
}
