{
  "matrix": "1_1138_bus_sorted",
  "algorithm": "gpu_naive",
  "time_ms": 0.053665,
  "gflops": 48.264071,
  "bandwidth_gbps": 193.141107,
  "total_flops": 2590088,
  "total_bytes_accessed": 10364904
}
