{
  "matrix": "7_1000005_webbase_1M_sorted",
  "algorithm": "gpu_csr",
  "time_ms": 0.117260,
  "gflops": 52.968498,
  "bandwidth_gbps": 420.148422,
  "total_flops": 6211072,
  "total_bytes_accessed": 49266492
}
