{
  "matrix": "7_1000005_webbase_1M",
  "algorithm": "gpu_csr",
  "time_ms": 0.117337,
  "gflops": 52.933785,
  "bandwidth_gbps": 419.873075,
  "total_flops": 6211072,
  "total_bytes_accessed": 49266492
}
