{
  "matrix": "2_4884_bcsstk16_sorted",
  "algorithm": "gpu_naive",
  "time_ms": 0.225078,
  "gflops": 211.957226,
  "bandwidth_gbps": 847.915700,
  "total_flops": 47706912,
  "total_bytes_accessed": 190847184
}
