{
  "matrix": "6_923136_Emilia_923_sorted",
  "algorithm": "gpu_coo_add_atomic",
  "time_ms": 0.491007,
  "gflops": 85.392503,
  "bandwidth_gbps": 853.925026,
  "total_flops": 41928342,
  "total_bytes_accessed": 419283420
}
