{
  "matrix": "3_10974_bcsstk17",
  "algorithm": "gpu_naive",
  "time_ms": 1.922441,
  "gflops": 125.287268,
  "bandwidth_gbps": 501.171906,
  "total_flops": 240857352,
  "total_bytes_accessed": 963473304
}
