{
  "matrix": "7_1000005_webbase_1M",
  "algorithm": "gpu_csr_stride",
  "time_ms": 0.122236,
  "gflops": 50.812156,
  "bandwidth_gbps": 403.044223,
  "total_flops": 6211072,
  "total_bytes_accessed": 49266492
}
