{
  "matrix": "3_10974_bcsstk17_sorted",
  "algorithm": "gpu_csr",
  "time_ms": 0.007068,
  "gflops": 62.201418,
  "bandwidth_gbps": 391.840751,
  "total_flops": 439624,
  "total_bytes_accessed": 2769432
}
