{
  "matrix": "7_1000005_webbase_1M",
  "algorithm": "gpu_coo_add_atomic",
  "time_ms": 0.104444,
  "gflops": 59.467987,
  "bandwidth_gbps": 594.679865,
  "total_flops": 6211072,
  "total_bytes_accessed": 62110720
}
