{
  "matrix": "2_4884_bcsstk16_sorted",
  "algorithm": "gpu_csr",
  "time_ms": 0.006336,
  "gflops": 46.597966,
  "bandwidth_gbps": 288.837256,
  "total_flops": 295262,
  "total_bytes_accessed": 1830180
}
