{
  "matrix": "3_10974_bcsstk17",
  "algorithm": "gpu_coo_add_atomic",
  "time_ms": 0.009313,
  "gflops": 47.202988,
  "bandwidth_gbps": 472.029884,
  "total_flops": 439624,
  "total_bytes_accessed": 4396240
}
