{
  "matrix": "3_10974_bcsstk17",
  "algorithm": "gpu_csr_stride",
  "time_ms": 0.009512,
  "gflops": 46.218057,
  "bandwidth_gbps": 291.152820,
  "total_flops": 439624,
  "total_bytes_accessed": 2769432
}
