{
  "matrix": "6_923136_Emilia_923_sorted",
  "algorithm": "gpu_csr_stride",
  "time_ms": 0.345637,
  "gflops": 121.307303,
  "bandwidth_gbps": 759.893680,
  "total_flops": 41928342,
  "total_bytes_accessed": 262647684
}
